新檔名,原檔名,來源資料夾
screenshots_1_01.jpg,screenshot_071_1-10-59.jpg,screenshots_1
screenshots_1_02.jpg,screenshot_102_1-41-59.jpg,screenshots_1
screenshots_1_03.jpg,screenshot_018_0-17-59.jpg,screenshots_1
screenshots_1_04.jpg,screenshot_008_0-07-59.jpg,screenshots_1
screenshots_1_05.jpg,screenshot_026_0-25-59.jpg,screenshots_1
screenshots_1_06.jpg,screenshot_077_1-16-59.jpg,screenshots_1
screenshots_1_07.jpg,screenshot_081_1-20-59.jpg,screenshots_1
screenshots_1_08.jpg,screenshot_035_0-34-59.jpg,screenshots_1
screenshots_1_09.jpg,screenshot_062_1-01-59.jpg,screenshots_1
screenshots_1_10.jpg,screenshot_058_0-57-59.jpg,screenshots_1
screenshots_1_11.jpg,screenshot_082_1-21-59.jpg,screenshots_1
screenshots_1_12.jpg,screenshot_101_1-40-59.jpg,screenshots_1
screenshots_1_13.jpg,screenshot_017_0-16-59.jpg,screenshots_1
screenshots_1_14.jpg,screenshot_066_1-05-59.jpg,screenshots_1
screenshots_1_15.jpg,screenshot_033_0-32-59.jpg,screenshots_1
screenshots_1_16.jpg,screenshot_003_0-02-59.jpg,screenshots_1
screenshots_1_17.jpg,screenshot_067_1-06-59.jpg,screenshots_1
screenshots_1_18.jpg,screenshot_095_1-34-59.jpg,screenshots_1
screenshots_1_19.jpg,screenshot_009_0-08-59.jpg,screenshots_1
screenshots_1_20.jpg,screenshot_012_0-11-59.jpg,screenshots_1
screenshots_1_21.jpg,screenshot_052_0-51-59.jpg,screenshots_1
screenshots_1_22.jpg,screenshot_098_1-37-59.jpg,screenshots_1
screenshots_1_23.jpg,screenshot_010_0-09-59.jpg,screenshots_1
screenshots_1_24.jpg,screenshot_056_0-55-59.jpg,screenshots_1
screenshots_1_25.jpg,screenshot_055_0-54-59.jpg,screenshots_1
screenshots_1_26.jpg,screenshot_051_0-50-59.jpg,screenshots_1
screenshots_1_27.jpg,screenshot_072_1-11-59.jpg,screenshots_1
screenshots_1_28.jpg,screenshot_043_0-42-59.jpg,screenshots_1
screenshots_1_29.jpg,screenshot_016_0-15-59.jpg,screenshots_1
screenshots_1_30.jpg,screenshot_000_0-00-00.jpg,screenshots_1
screenshots_1_31.jpg,screenshot_025_0-24-59.jpg,screenshots_1
screenshots_1_32.jpg,screenshot_099_1-38-59.jpg,screenshots_1
screenshots_1_33.jpg,screenshot_044_0-43-59.jpg,screenshots_1
screenshots_1_34.jpg,screenshot_087_1-26-59.jpg,screenshots_1
screenshots_1_35.jpg,screenshot_049_0-48-59.jpg,screenshots_1
screenshots_3_01.jpg,screenshot_032_0-31-59.jpg,screenshots_3
screenshots_3_02.jpg,screenshot_026_0-25-59.jpg,screenshots_3
screenshots_3_03.jpg,screenshot_036_0-35-59.jpg,screenshots_3
screenshots_3_04.jpg,screenshot_014_0-13-59.jpg,screenshots_3
screenshots_3_05.jpg,screenshot_029_0-28-59.jpg,screenshots_3
screenshots_3_06.jpg,screenshot_011_0-10-59.jpg,screenshots_3
screenshots_3_07.jpg,screenshot_003_0-02-59.jpg,screenshots_3
screenshots_3_08.jpg,screenshot_023_0-22-59.jpg,screenshots_3
screenshots_3_09.jpg,screenshot_002_0-01-59.jpg,screenshots_3
screenshots_3_10.jpg,screenshot_024_0-23-59.jpg,screenshots_3
screenshots_3_11.jpg,screenshot_047_0-46-59.jpg,screenshots_3
screenshots_3_12.jpg,screenshot_042_0-41-59.jpg,screenshots_3
screenshots_3_13.jpg,screenshot_027_0-26-59.jpg,screenshots_3
screenshots_3_14.jpg,screenshot_038_0-37-59.jpg,screenshots_3
screenshots_3_15.jpg,screenshot_031_0-30-59.jpg,screenshots_3
screenshots_3_16.jpg,screenshot_040_0-39-59.jpg,screenshots_3
screenshots_3_17.jpg,screenshot_030_0-29-59.jpg,screenshots_3
screenshots_3_18.jpg,screenshot_022_0-21-59.jpg,screenshots_3
screenshots_3_19.jpg,screenshot_019_0-18-59.jpg,screenshots_3
screenshots_3_20.jpg,screenshot_033_0-32-59.jpg,screenshots_3
screenshots_3_21.jpg,screenshot_016_0-15-59.jpg,screenshots_3
screenshots_3_22.jpg,screenshot_004_0-03-59.jpg,screenshots_3
screenshots_3_23.jpg,screenshot_007_0-06-59.jpg,screenshots_3
screenshots_3_24.jpg,screenshot_028_0-27-59.jpg,screenshots_3
screenshots_3_25.jpg,screenshot_035_0-34-59.jpg,screenshots_3
screenshots_3_26.jpg,screenshot_041_0-40-59.jpg,screenshots_3
screenshots_3_27.jpg,screenshot_010_0-09-59.jpg,screenshots_3
screenshots_3_28.jpg,screenshot_044_0-43-59.jpg,screenshots_3
screenshots_3_29.jpg,screenshot_017_0-16-59.jpg,screenshots_3
screenshots_3_30.jpg,screenshot_006_0-05-59.jpg,screenshots_3
screenshots_3_31.jpg,screenshot_021_0-20-59.jpg,screenshots_3
screenshots_3_32.jpg,screenshot_020_0-19-59.jpg,screenshots_3
screenshots_3_33.jpg,screenshot_018_0-17-59.jpg,screenshots_3
screenshots_3_34.jpg,screenshot_013_0-12-59.jpg,screenshots_3
screenshots_3_35.jpg,screenshot_034_0-33-59.jpg,screenshots_3
screenshots_4_01.jpg,screenshot_166_2-45-58.jpg,screenshots_4
screenshots_4_02.jpg,screenshot_179_2-58-58.jpg,screenshots_4
screenshots_4_03.jpg,screenshot_040_0-39-59.jpg,screenshots_4
screenshots_4_04.jpg,screenshot_025_0-24-59.jpg,screenshots_4
screenshots_4_05.jpg,screenshot_000_0-00-00.jpg,screenshots_4
screenshots_4_06.jpg,screenshot_190_3-09-58.jpg,screenshots_4
screenshots_4_07.jpg,screenshot_127_2-06-59.jpg,screenshots_4
screenshots_4_08.jpg,screenshot_252_4-11-58.jpg,screenshots_4
screenshots_4_09.jpg,screenshot_121_2-00-59.jpg,screenshots_4
screenshots_4_10.jpg,screenshot_164_2-43-58.jpg,screenshots_4
screenshots_4_11.jpg,screenshot_027_0-26-59.jpg,screenshots_4
screenshots_4_12.jpg,screenshot_234_3-53-58.jpg,screenshots_4
screenshots_4_13.jpg,screenshot_044_0-43-59.jpg,screenshots_4
screenshots_4_14.jpg,screenshot_013_0-12-59.jpg,screenshots_4
screenshots_4_15.jpg,screenshot_024_0-23-59.jpg,screenshots_4
screenshots_4_16.jpg,screenshot_068_1-07-59.jpg,screenshots_4
screenshots_4_17.jpg,screenshot_194_3-13-58.jpg,screenshots_4
screenshots_4_18.jpg,screenshot_165_2-44-58.jpg,screenshots_4
screenshots_4_19.jpg,screenshot_137_2-16-59.jpg,screenshots_4
screenshots_4_20.jpg,screenshot_226_3-45-58.jpg,screenshots_4
screenshots_4_21.jpg,screenshot_197_3-16-58.jpg,screenshots_4
screenshots_4_22.jpg,screenshot_172_2-51-58.jpg,screenshots_4
screenshots_4_23.jpg,screenshot_066_1-05-59.jpg,screenshots_4
screenshots_4_24.jpg,screenshot_238_3-57-58.jpg,screenshots_4
screenshots_4_25.jpg,screenshot_101_1-40-59.jpg,screenshots_4
screenshots_4_26.jpg,screenshot_011_0-10-59.jpg,screenshots_4
screenshots_4_27.jpg,screenshot_216_3-35-58.jpg,screenshots_4
screenshots_4_28.jpg,screenshot_022_0-21-59.jpg,screenshots_4
screenshots_4_29.jpg,screenshot_228_3-47-58.jpg,screenshots_4
screenshots_4_30.jpg,screenshot_148_2-27-59.jpg,screenshots_4
screenshots_4_31.jpg,screenshot_230_3-49-58.jpg,screenshots_4
screenshots_4_32.jpg,screenshot_069_1-08-59.jpg,screenshots_4
screenshots_4_33.jpg,screenshot_111_1-50-59.jpg,screenshots_4
screenshots_4_34.jpg,screenshot_146_2-25-59.jpg,screenshots_4
screenshots_4_35.jpg,screenshot_145_2-24-59.jpg,screenshots_4
